"LAD21NM","RGN21NM","No_Companies","GVA","Turnover","Employees","GVA_job","InnovateFunding","DealroomFunding"
"Hartlepool","North East",42,156631531.18077162,440128722.8268337,874.8484320557492,179038.47734254197,61463.333333333336,1875000
"Middlesbrough","North East",42,102430426.01586644,739089352.7506669,779.9616028708134,131327.5238663668,465174.0909090909,1875000
"Redcar and Cleveland","North East",100,71629663.64566755,641367258.8641421,731.467729789631,97925.93812206607,1415386.3770131865,37380000
"Stockton-on-Tees","North East",82,194147486.45874086,1135226531.1122763,1520.761544630682,127664.64745522593,1193644.0013722128,0
"Darlington","North East",67,112676460.03552434,356027004.8162785,766.3597102512379,147028.1625303414,93524.28571428571,3350000
"Halton","North West",63,98489999.7757896,417995724.93279374,1219.1549517074284,80785.46507796586,901367.5067623977,260000
"Warrington","North West",202,313760042.6801257,7276612379.28715,8079.053332495768,38836.23857489743,262059.2351811629,1934666.6666666667
"Blackburn with Darwen","North West",56,20839927.709985957,256695038.11520603,497.0313583683203,41928.79857399808,595041.5,480000
"Blackpool","North West",39,38065993.00833419,137067864.80294788,411.67898760440755,92465.23178130417,10030.76262852489,10400000
"Kingston upon Hull, City of","Yorkshire and The Humber",93,95384115.1688009,848496397.1594329,1279.2295011722856,74563.72377387398,430493.72807017545,13000000
"East Riding of Yorkshire","Yorkshire and The Humber",215,769979054.7758399,3503049644.482349,11363.737356678783,67757.55463261406,1408065.153194075,15710000
"North East Lincolnshire","Yorkshire and The Humber",168,132969809.03781919,439903131.6079161,1546.6136636120045,85974.80558090881,28093803.540792543,30000000
"North Lincolnshire","Yorkshire and The Humber",67,97329812.97633292,690118973.8025442,1276.5585192050262,76243.91010052938,119555.54197940227,2172500
"York","Yorkshire and The Humber",126,69350471.74238583,581514071.6289806,961.2545805392633,72145.79066398858,22448189.398418974,275000
"Derby","East Midlands",75,295613055.7876147,1079738463.871882,3004.7806466939014,98380.91047107604,2154568.989164054,4665000
"Leicester","East Midlands",185,148911822.06055275,652051058.1584858,1304.2517208763777,114174.14267277568,1400173.8234081708,730000
"Rutland","East Midlands",91,83768061.40587674,282097305.9565016,695.7241791922332,120404.12553022837,36697.326773952,0
"Nottingham","East Midlands",128,208148258.49548742,753003831.7586001,3228.352752901448,64475.06652066332,4606824.457987414,45740000
"Herefordshire, County of","West Midlands",105,63172756.73262098,217994290.9214155,920.7490103106908,68610.18152091678,145945.36641152055,0
"Telford and Wrekin","West Midlands",153,220190869.41188028,824569870.0066253,2618.094287964036,84103.49101029205,9848727.041991169,50638428.571428575
"Stoke-on-Trent","West Midlands",94,53310439.65234011,138772215.60428178,832.2391805357726,64056.63287568403,14020.135018451507,7800000
"Bath and North East Somerset","South West",91,318684938.4347276,793112463.903108,4641.7777847309135,68655.79379586823,761381.4042553192,90000
"Bristol, City of","South West",565,2878512561.207491,26066251562.619404,30377.42001900748,94758.2961096227,8193628.3550954545,486556666.6666667
"North Somerset","South West",144,464865586.5027897,905665346.887862,2816.3098089504965,165061.94915964262,89394.0753428523,40000
"South Gloucestershire","South West",336,296477974.88020927,2804370097.2026467,3099.5243860583355,95652.73182355576,873324.063873759,11946666.666666668
"Plymouth","South West",113,132779691.8794434,1304740815.0820768,1109.7080419494507,119652.815749795,2120595.889741837,2045000
"Torbay","South West",34,3869263.7190233334,13684162.884313727,72.59019607843138,53302.8415413387,632143,970000
"Swindon","South West",106,94520354.30616611,767236198.0263612,1568.3368720632652,60267.890138817864,3410604.358974359,1560000
"Peterborough","East of England",148,313734506.1608592,863878409.6686769,2237.073837998349,140243.25028161667,119574.00209593526,0
"Luton","East of England",41,15791694.801145798,98535556.55723988,281.7768695933382,56043.2615492409,36638,0
"Southend-on-Sea","East of England",65,19057956.935263302,53881381.805502154,208.9890143877305,91191.19007808562,3203.4690265486724,225000
"Thurrock","East of England",149,115025952.56119953,336982236.00487524,1158.7577017551625,99266.61319011773,6587500.0067623975,222240000
"Medway","South East",172,189933516.73411763,970107735.2396605,1757.2060328197226,108088.35912618536,2871480.5222824323,2595000
"Bracknell Forest","South East",71,178548127.4392641,1007046961.2135012,1542.1170005510712,115781.18091912637,3537064.816279296,0
"West Berkshire","South East",156,70827049.75278012,422002983.63850635,1194.1646956921875,59310.95602497763,869495.1613342409,350000
"Reading","South East",143,1900189686.9495249,7855049456.324854,10417.797596335831,182398.40708921658,5963731,778051666.6666666
"Slough","South East",50,28867896.087033566,113856825.49472457,388.59964932728093,74286.98439900251,70304.9629615998,0
"Windsor and Maidenhead","South East",327,326255132.4414586,1553601433.2780824,3496.482365133085,93309.53180112508,176211.8102961502,11600000
"Wokingham","South East",120,1563774814.0409443,4672483319.325835,29384.0192710224,53218.547116292226,1484169.901225016,7970000
"Milton Keynes","South East",191,108607868.24419028,636044146.956531,1461.414516111962,74316.94912483652,3757275.5256410255,5410000
"Brighton and Hove","South East",142,89034724.34265582,256846477.02157927,1481.4309336427539,60100.48954744352,296588.5648642762,0
"Portsmouth","South East",113,126706945.6494639,355848938.0985258,1120.3346715997827,113097.40639244221,76167.95635339807,0
"Southampton","South East",89,53520344.24364693,441647441.73375493,808.6799658497027,66182.35458252215,4616811.653694843,23000000
"Isle of Wight","South East",43,191017574.0053673,639330926.453432,1735.8686122025372,110041.49315367643,380622.6923076923,0
"County Durham","North East",275,155802037.68151578,519757604.31125396,1811.0945110447224,86026.45346853932,2572007.683312263,19166428.57142857
"Cheshire East","North West",271,166287664.61318672,857668488.1972296,3237.642799679537,51360.71978960926,2494881.7871403815,39600000
"Cheshire West and Chester","North West",275,584496530.0830687,2559088042.2809916,14011.762277878644,41714.70500936592,4355851.181132145,3472000
"Shropshire","West Midlands",170,71328012.24752417,202064184.49866968,1203.3908352131414,59272.524071442465,278851.4690265487,0
"Cornwall","South West",404,264308686.71402082,1924894401.6702192,2743.975772100731,96323.25817209078,31456127.336082116,38880000
"Isles of Scilly","South West",1,0,350,1,0,0,0
"Wiltshire","South West",277,409621209.6248786,929535018.8702888,3078.4420811911573,133061.20395365104,10615524.492851991,24335000
"Bedford","East of England",109,76269737.45967403,298924900.16792476,929.1795910920199,82082.88063025351,378926.6923076923,16900000
"Central Bedfordshire","East of England",134,89062377.49775133,453928355.49630016,1428.4247233846304,62350.06720320508,19323937.8738271,20030000
"Northumberland","North East",136,116107837.6889882,1376867532.3637474,1271.418896629203,91321.4661169614,28945862.975355234,730000
"Bournemouth, Christchurch and Poole","South West",179,185729645.3969987,709205418.0728627,1779.6766475773193,104361.45557668197,52968.73658921723,0
"Dorset","South West",237,187191211.33770394,997810939.043683,1901.9843468047552,98418.90215982925,58956.465260545905,0
"Buckinghamshire","South East",411,413853073.0876214,1001164690.4045297,5366.101187347612,77123.60588045175,9835507.601453466,2228891666.6666665
"North Northamptonshire","East Midlands",156,221689739.95908135,488440142.9053188,2217.533079628573,99971.33390957731,6384143.861538462,0
"West Northamptonshire","East Midlands",243,363981483.8430638,1230234618.8735006,3072.005831604808,118483.33102054066,691650.5912042717,3571428.5714285714
"Cambridge","East of England",216,281524847.13077694,502662143.7918539,2474.013274318376,113792.7795510074,8982373.64541786,45500000
"East Cambridgeshire","East of England",88,19216462.725469667,146923044.1809303,347.31104744928274,55329.25850357759,522029.5,145000
"Fenland","East of England",97,28966890.985663846,107210104.6220872,421.29157058887665,68757.34766108482,150334.16133424098,145000
"Huntingdonshire","East of England",129,182841092.82987452,368813533.7982837,1466.3451495847605,124691.71591807797,2508613.2324929973,2195000
"South Cambridgeshire","East of England",196,90482413.80077504,381469657.0222468,1461.688206646295,61902.67759522967,24310476.10714286,106369166.66666667
"Allerdale","North West",44,30671418.23805372,131973689.07610336,490.6008172143446,62518.07408762083,420700,3571428.5714285714
"Barrow-in-Furness","North West",52,98157997.42650576,137306033.39809835,663.20315641805,148005.92620314957,4824.8657937806875,0
"Carlisle","North West",61,40191862.59183471,173341904.3402262,718.2060836949174,55961.462182360985,13261.16133424098,0
"Copeland","North West",20,20065454.274326604,70084663.65649419,445.2264116172785,45067.97833812045,97920.25939849624,0
"Eden","North West",195,17875260.90791399,50340928.51401515,222.31834521687463,80403.89510130811,224667.72816399287,0
"South Lakeland","North West",96,40403699.921178035,144480109.7455339,546.6612013942538,73909.9460838428,430678.89743589744,730000
"Amber Valley","East Midlands",36,9338905.49260841,29319510.48640101,131.44402277039848,71048.53682788803,14505.63725490196,0
"Bolsover","East Midlands",15,5482025.284467179,14986282.797435896,98.87115384615385,55446.154628652934,191394.6923076923,0
"Chesterfield","East Midlands",63,22871849.747895442,196561802.09491897,379.7735011404366,60224.97535824031,157901,2400000
"Derbyshire Dales","East Midlands",40,15249561.287422728,33982136.22219251,234.0644385026738,65151.12413049677,197873.5,8815000
"Erewash","East Midlands",45,16089701.586452857,203221560.9857143,292.5095238095238,55005.7358027431,11111.5,0
"High Peak","East Midlands",44,17789666.997228336,25182092.333333332,219.41666666666666,81077.09987342956,51136.5,0
"North East Derbyshire","East Midlands",64,79673375.95141824,306720286.0127986,1354.4030650107206,58825.454556090794,35579.00676239773,1150000
"South Derbyshire","East Midlands",31,16446615.984161248,198828945.68041763,299.51243459260536,54911.29610873023,56823,57500
"East Devon","South West",194,80895942.81588565,321021524.4019636,1314.5871918710154,61537.14513279922,1543399.5,36745000
"Exeter","South West",152,182988737.89434382,1323741921.026073,2033.6005871493487,89982.63427473383,8250394.528397299,11225000
"Mid Devon","South West",52,24734278.387078933,53859001.98863751,277.8926093514329,89006.60742581708,6790.384615384615,0
"North Devon","South West",64,45139038.9963582,132950083.1689291,834.2889140271493,54104.804987123796,691556.7179487179,200000
"South Hams","South West",63,76202029.10465096,139252420.98812148,578.7342051938357,131670.16640934258,202760.91177411613,250000
"Teignbridge","South West",78,92841983.74616359,147426067.98331502,764.8499155458065,121385.88481102254,110491.31994921091,7466666.666666667
"Torridge","South West",211,44592887.98850113,99424995.22830087,417.3421547406842,106849.70948168165,472931.63292589766,970000
"West Devon","South West",29,17144300.899598844,40164024.51962841,261.6871075003428,65514.50342113773,778364.8923076922,350000
"Eastbourne","South East",37,13201669.972255554,42294427.15237828,239.61553351463766,55095.217653946835,75701.73758865248,0
"Hastings","South East",70,94196589.04990576,174076938.98893815,765.4873629314988,123054.40117152547,7213.678575620291,0
"Lewes","South East",55,17951877.0917233,251426259.42053166,303.4309012066365,59162.98247915781,223211.7435897436,0
"Rother","South East",32,6575573.666041492,25502102.038596492,121.87456140350878,53953.61911720636,0,0
"Wealden","South East",128,95058594.59117295,216519491.94402665,925.5311682412333,102707.07011608341,9010.209549071618,0
"Basildon","East of England",92,28839623.157348007,57511787.12016213,381.95080621908755,75506.11934251437,1473298.4690265488,50190000
"Braintree","East of England",61,37639484.249704584,80435425.41393861,435.8421011986178,86360.36800068537,212384.46902654867,1400000
"Brentwood","East of England",53,18293317.10016746,64731373.39772727,258.07878787878786,70882.68373594231,1500129.9636363636,4070000.0000000005
"Castle Point","East of England",33,6642197.791918095,9472251.642857144,82.91666666666667,80106.9080432333,0,0
"Chelmsford","East of England",94,153031575.12421277,2223036566.9466558,1553.2243507217966,98525.09397827667,5057.692307692308,710000
"Colchester","East of England",120,94568522.15788698,1070171098.547437,1113.487474798499,84930.02777152968,792691.2513722127,3200000
"Epping Forest","East of England",53,16446841.861408025,35748097.36879433,252.81285746968658,65055.40116123278,291.40425531914894,0
"Harlow","East of England",47,36741204.170344815,83485421.56002252,598.3083049634065,61408.480988061776,73508.19907009004,0
"Maldon","East of England",25,19818226.177413743,48565624.66352201,350.2452830188679,56583.84891466511,762913.037735849,310000
"Rochford","East of England",72,22626199.273581952,101903387.50747088,324.4104795926322,69745.58683182509,5129.939614783967,0
"Tendring","East of England",34,43626896.1799237,476473725.218268,697.5652568378061,62541.67011942737,357586.43733350636,140000
"Uttlesford","East of England",59,24977095.945544872,120255237.55128205,370.44871794871796,67423.89630567572,1086236.3846153845,7780000
"Cheltenham","South West",113,95090102.3987966,130322602.46789768,2090.5848076072534,45484.929409599274,550734.5,2965045000
"Cotswold","South West",116,20060357.777456768,495766482.26949215,256.4067008687533,78236.48020698589,137495,0
"Forest of Dean","South West",93,83061763.45515284,179906988.85079703,669.0588891846832,124147.16372182441,4010.209549071618,2722500
"Gloucester","South West",59,191919844.29099497,1461962099.352545,1080.6838542837938,177591.10912061032,138399.20745920745,0
"Stroud","South West",220,125881628.67793342,541175023.5416666,1079.45,116616.45159843756,3195232,15815000
"Tewkesbury","South West",114,221573563.75490186,527834770.03044957,1656.4356013843026,133765.2750096232,6534979.812280702,20000000
"Basingstoke and Deane","South East",98,66923645.48512543,614571322.5234782,1245.9560717474335,53712.68458226307,213130.0964511858,12305000
"East Hampshire","South East",61,49492467.2475421,112967394.94617437,822.1036867745778,60202.22028406134,77056.57025446121,1375000
"Eastleigh","South East",71,133672836.43006875,490823866.13239473,2115.6574871637768,63182.6452254655,6809066.303809158,0
"Fareham","South East",67,33882212.14630083,97435562.6111111,444.48055555555555,76228.78374049795,6702141.277777778,8855000
"Gosport","South East",34,119985588.64162093,381940723.3129554,829.2670256893318,144688.72501216648,3203.4690265486724,0
"Hart","South East",29,19647378.361596428,38159751.016666666,231.12857142857143,85006.27265663823,252609,0
"Havant","South East",56,35391066.02503498,792515355.6891714,642.5662832418151,55077.68917859072,150207.04967170997,0
"New Forest","South East",107,90588995.00740214,418851189.8997783,1066.0553346221084,84975.88452058524,47637.29342540792,0
"Rushmoor","South East",50,106143366.09619574,699054796.6834335,1075.6967158043715,98674.06355036153,28760.50676239773,0
"Test Valley","South East",115,123507519.45789732,176415511.9582156,1178.5243024596891,104798.44938294927,364721.86376339075,15230000
"Winchester","South East",148,299876168.5617236,1253591259.4010646,4278.836661794373,70083.57464058175,669498.4160042497,4785000
"Broxbourne","East of England",111,480359079.89840806,2087425325.1237886,4966.0478349079,96728.64536700878,4010.209549071618,0
"Dacorum","East of England",83,25757152.93323875,144451078.96789768,464.3467123691582,55469.65714869038,65166.57142857143,0
"Hertsmere","East of England",63,204202157.02463832,254760222.1666667,989.6666666666667,206334.27789623273,15153.166666666666,666666.6666666666
"North Hertfordshire","East of England",81,27106736.68591128,136158757.83844587,277.0677342265578,97834.33196066832,129.96363636363637,3571428.5714285714
"Three Rivers","East of England",186,33416047.350958522,414044256.5471842,528.5349825690533,63223.90845073855,35075.46902654867,0
"Watford","East of England",41,11976355.984048272,32644028.600250628,168.81683375104427,70942.90135609292,0,20480000
"Ashford","South East",106,175961489.32067487,301387700.1538445,1373.9043801170767,128074.04348305547,88577.14477174368,0
"Canterbury","South East",53,17400873.791975,49350961.40336134,231.22233893557424,75256.02358353198,0,26500000
"Dartford","South East",72,32737947.62788657,156632163.2373515,387.6526297003228,84451.76201486068,3203.4690265486724,0
"Dover","South East",49,15586975.871709216,46727742.196078435,274.4117647058824,56801.41260858664,11576.470588235294,0
"Gravesham","South East",57,16505008.878544925,118508882,319.32272727272726,51687.54826664223,17360.553030303032,0
"Maidstone","South East",262,103160636.20945448,291721682.08231205,998.2134527180224,103345.26741606189,541110.0567606835,0
"Sevenoaks","South East",82,105535789.04457317,240092508.1126562,771.7363300471234,136751.09611352495,5291.404255319149,150000000
"Folkestone and Hythe","South East",20,145270275.32316473,355532884.45105064,721.3146447369509,201396.54224841355,64666.80235988201,0
"Swale","South East",88,97875096.31558615,228994161.599979,862.0278656298661,113540.52486931013,4010.209549071618,0
"Thanet","South East",32,10374649.456509786,46230691.736614265,109.18097516518569,95022.5022336852,129.96363636363637,0
"Tonbridge and Malling","South East",131,106532812.5960105,253847499.92227146,953.0959650820364,111775.53625131636,1096773.6785756203,3030000
"Tunbridge Wells","South East",58,28358491.961371955,65624846.939936854,407.54525761666787,69583.66324077216,3494.8732818678213,13000000
"Burnley","North West",35,10198967.59079841,53076275.53359062,179.6780303030303,56762.46324382376,0,10000
"Chorley","North West",75,20547620.23056413,47511559.802961744,331.7118910501263,61944.177417079976,5057.692307692308,0
"Fylde","North West",87,49008832.423597045,112412713.10667312,1020.2387250161187,48036.6322331303,38472.40425531915,0
"Hyndburn","North West",23,23925520.429507613,66459281.375972115,232.68498256905337,102823.6552498926,3333.432662912309,0
"Lancaster","North West",87,160068951.07038274,385474362.91183823,931.3623807736811,171865.3816975233,6977726.053921568,25350000
"Pendle","North West",33,59449621.9901778,98471130.9898374,493.8841463414634,120371.59408853612,0,0
"Preston","North West",79,157586096.61257643,378831305.386938,1392.0089458735506,113207.67519470486,80875.26389834355,6121428.571428571
"Ribble Valley","North West",22,17481407.279933486,38026868.45454545,188.37878787878788,92799.23433407948,23652.59090909091,0
"Rossendale","North West",14,6350557.96751,9122596.5,83,76512.74659650603,49448,0
"South Ribble","North West",57,25179431.523537584,48560175.68650961,292.9300987274048,85957.13323050864,4927.828000907647,3571428.5714285714
"West Lancashire","North West",60,28137187.623385087,104338169.72810169,489.3274154923091,57501.760033364255,93266.23758865248,250000
"Wyre","North West",52,101957224.52817643,378894945.7262788,712.9452644057104,143008.48833488623,1881789.4042553192,20000
"Blaby","East Midlands",91,56491518.6112473,270139504.65546775,674.4917654808959,83754.20057347958,1523.2727272727273,0
"Charnwood","East Midlands",258,51664247.5310538,162679788.01155123,657.1607079182088,78617.37153263278,5985787.618940622,3230000
"Harborough","East Midlands",86,87066953.82830827,287166777.2625301,1244.1878125048554,69978.94767432348,614234.0479739171,0
"Hinckley and Bosworth","East Midlands",70,43321109.83836635,261355133.57336602,634.3704560944285,68289.92337549503,8351943.376215767,42700000
"Melton","East Midlands",77,83423369.0578465,179125883.50474092,688.6287872888523,121144.17897963032,684412.8762157382,1380000
"North West Leicestershire","East Midlands",111,112444153.87387575,386976356.3119449,1132.982464383255,99246.15553082307,149756.17499075102,0
"Oadby and Wigston","East Midlands",10,2389804.9841899998,3831611,30.666666666666668,77928.4233975,0,0
"Boston","East Midlands",16,18498392.545515377,168223041.9218501,252.37703349282296,73296.65575945297,19700.489952153108,0
"East Lindsey","East Midlands",38,10989038.583212143,40184473.28571428,200.9142857142857,54695.157908479094,6078.5,0
"Lincoln","East Midlands",77,296783597.5777802,545648663.1536754,1897.981593537494,156368.00619579735,1387611.107147049,1600000
"North Kesteven","East Midlands",44,60087952.42138881,246535586.9189641,533.266499582289,112679.0309694235,1260820.0977443608,1500000
"South Holland","East Midlands",32,165758701.9869875,366917881.45395494,1063.433011732872,155871.3150317597,76489.92391376672,500000
"South Kesteven","East Midlands",139,106555153.34729555,330380274.78465307,1391.5398650670911,76573.55424895293,156024.76806961087,0
"West Lindsey","East Midlands",54,49818460.412077144,116593730.16526611,590.8473389355743,84316.9751797923,1459937.0714285714,2115000
"Breckland","East of England",94,53065838.79011125,192854817.54217613,623.6347111087649,85091.22062138762,3968478.379957723,11775000
"Broadland","East of England",53,39372238.5525714,53107307.43657817,371.4395280235988,105999.05390271213,243659.80235988201,0
"Great Yarmouth","East of England",66,324157580.24235404,1018303705.7374061,2194.909750337382,147686.0632618391,10275.165991902833,0
"King's Lynn and West Norfolk","East of England",100,33433469.638259776,138207739.83372656,475.66301677948536,70288.14193843315,2629.9636363636364,0
"North Norfolk","East of England",68,149188280.9661147,344516915.2211362,939.4675096832992,158800.89457953375,19679.954887218046,845000
"Norwich","East of England",68,25651743.69782485,218999863.84164587,364.49743945796575,70375.64855317191,593255,0
"South Norfolk","East of England",121,155531871.55820644,563752433.1822428,1697.7939945400178,91608.2116313202,9432092.209549071,72690000
"Craven","Yorkshire and The Humber",24,4791364.414781666,60783292.78431372,96.74019607843137,49528.16521993717,0,0
"Hambleton","Yorkshire and The Humber",79,43481381.48610995,129045984.42634533,494.79684475416184,87877.24082540083,31211.071428571428,0
"Harrogate","Yorkshire and The Humber",282,61714665.60678078,168234467.15613872,596.376391024114,103482.74434674159,303628.7538050185,31705000
"Richmondshire","Yorkshire and The Humber",22,10005287.716187805,92251403.80192891,180.31878686433924,55486.66276085346,0,0
"Ryedale","Yorkshire and The Humber",44,13425774.657057805,45577823.07317073,273.1341463414634,49154.508276945126,22058319.5,0
"Scarborough","Yorkshire and The Humber",28,21785078.219609473,52876444.49637335,216.17989797545036,100772.91377981598,0,390000
"Selby","Yorkshire and The Humber",93,545391342.1923801,9907510370.517298,2850.2073150028673,191351.4639168735,859173.3333333334,0
"Ashfield","East Midlands",22,5467368.458181076,38329744.950980395,106.51546489563567,51329.339486411925,0,0
"Bassetlaw","East Midlands",71,48464041.06856908,145568707.15937018,487.27181259600616,99459.97247485007,56106.5,0
"Broxtowe","East Midlands",85,58731523.642886944,797414172.1700549,1067.26163003663,55030.108822399234,852983.6923076923,328400000
"Gedling","East Midlands",83,29757066.40247312,88801131.5116653,367.4103289067174,80991.37139399313,21580.965034965036,0
"Mansfield","East Midlands",29,7969560.496411366,21923016.29072682,134.2017543859649,59384.92036021281,59244,0
"Newark and Sherwood","East Midlands",162,135336028.34287524,426486655.86365205,1627.704195244332,83145.34590393446,2399155.797697877,0
"Rushcliffe","East Midlands",35,67345070.82099514,275158634.3738739,678.4954954954954,99256.47446165285,524693,18210000
"Cherwell","South East",126,151544031.1854435,764137101.8315386,1980.094512297738,76533.73626574472,12706545.215260547,160400000
"Oxford","South East",123,175050752.52599856,504763841.5555556,1935.0333333333333,90463.94680160475,13568939.5,85946666.66666667
"South Oxfordshire","South East",148,166762226.42380866,760527366.1507651,1789.6135977999786,93183.37021400266,3180869.5679222774,14905000
"Vale of White Horse","South East",225,161144441.12408558,525549211.991686,1678.562780882905,96001.4382299871,23374195.29255596,511416666.6666666
"West Oxfordshire","South East",93,114839581.51324025,327712934.2314526,957.7237589202585,119908.87815366598,598190.54045512015,12245000
"Mendip","South West",149,98004826.25940879,217840386.26617667,1490.6860733083795,65744.77887346201,11485708.921967724,1256666.6666666665
"Sedgemoor","South West",83,186986713.84271488,1240276890.868955,1409.5725257448319,132654.90808563345,99084.1508447305,0
"South Somerset","South West",92,186877397.9684725,640052227.0616897,1315.6489774404386,142041.98929416394,98125.08064516129,0
"Cannock Chase","West Midlands",96,125738703.12559576,247471528.10462442,1128.2138335197342,111449.35418255214,7213.678575620291,0
"East Staffordshire","West Midlands",34,20054967.864473846,115085084.68174963,422.8780165912519,47424.947804413074,297057.6923076923,0
"Lichfield","West Midlands",70,29604216.270688795,56263347.03840527,441.7684718738662,67012.96755088805,2662211.469026549,8170000
"Newcastle-under-Lyme","West Midlands",70,35627893.78706195,186250029.71674442,615.9292998824288,57844.12885352711,250291.40425531915,7800000
"South Staffordshire","West Midlands",54,67796613.78436692,170698129.75166112,800.0175446148506,84743.90873140912,6330494.561334241,2020000
"Stafford","West Midlands",61,66448676.671307944,453514351.3737673,964.2923477796267,68909.26473108724,127256.59723777529,0
"Staffordshire Moorlands","West Midlands",206,51324853.026531726,293406753.95059335,536.2912065738068,95703.3275903027,397547.03052387486,0
"Tamworth","West Midlands",20,2748388.7778908825,10329407.862745099,44.57843137254902,61652.88219592479,1926.4705882352941,0
"Babergh","East of England",39,19248208.35728807,31683854.554225232,216.84639076869686,88764.25514418416,300150.4690265487,0
"Ipswich","East of England",53,66502797.73297072,546265375.8736049,882.1292451589491,75388.95019968158,0,0
"Mid Suffolk","East of England",85,59342563.08100512,792876048.1712967,904.1029697160653,65636.9518392819,913669.1876500305,78010000
"Elmbridge","South East",62,29476226.343309727,195103235.14338446,468.651795819957,62895.793009259425,10684.310412220837,2200000
"Epsom and Ewell","South East",38,28432814.52491242,112177272.56060606,638.2363636363636,44549.035662769085,2762598.8333333335,0
"Guildford","South East",192,95447598.0219728,369607496.99938595,1313.8569232404373,72646.87374525162,273441.3903508772,9851666.666666668
"Mole Valley","South East",57,55817229.736783676,172935849.2611079,995.9126596599062,56046.310080890704,545288.7432418228,1656666.6666666667
"Reigate and Banstead","South East",89,180511457.96229187,597251766.4130435,1815.4311594202898,99431.72839444569,4855322.851449275,110035000
"Runnymede","South East",39,62403001.19822286,532940087.3888889,533.9920634920635,116861.28964190182,126816.23809523809,0
"Spelthorne","South East",36,10196849.626855284,38208814.229905434,174.12647754137114,58560.01781482422,202522.40425531915,2765000
"Surrey Heath","South East",40,40775882.58729794,224236724.48358396,510.4668337510443,79879.59234817677,517566.5,2963000
"Tandridge","South East",83,85429754.66018769,182280038.51804623,702.2243054961352,121655.93527815859,1791527.1262157382,76280000
"Waverley","South East",101,77490046.21371944,184432746.45212767,1341.004255319149,57785.08599532922,1502659.7375886524,6505000
"Woking","South East",43,26102871.71669002,120449451.90539669,373.9271166760811,69807.37837021312,306112.7899485345,5530000
"North Warwickshire","West Midlands",63,126131274.27763323,531361542.02240896,1774.5671802054155,71077.20444995094,479234.3333333333,0
"Nuneaton and Bedworth","West Midlands",29,45887729.836341895,278805862.5368288,481.7896951079764,95244.31573003602,3203.4690265486724,0
"Rugby","West Midlands",94,141723033.17834258,618354815.4977106,2374.618956043956,59682.43149816714,19868356.384615384,0
"Stratford-on-Avon","West Midlands",197,213753254.41291946,760333957.4926499,1843.0988100115067,115974.92942420433,635764.9689475679,3085000
"Warwick","West Midlands",159,143286712.0808322,1940663321.1144345,1939.932643105089,73861.69442021713,9690558.899350649,930000
"Adur","South East",137,384020424.9562108,2194777096.430451,11599.907366546497,33105.47341642614,6021768.289636089,67500
"Arun","South East",110,111012560.30932222,221160718.34429032,958.5405817714824,115814.14748675481,314914.34096878266,220000
"Chichester","South East",69,13294275.400469286,23724255.10157563,181.83960084033615,73109.90201822041,65436.5,0
"Crawley","South East",93,307790448.2825505,1682596741.4439087,1839.1951375969647,167350.62092688,3892046.2677827906,140290000
"Horsham","South East",86,82716633.83961871,103973771.69844048,964.4934012066365,85761.74159007773,5219219.576923077,190640000
"Mid Sussex","South East",77,32793305.19430849,67621435.03772344,507.0931693462982,64669.1913373293,319754.1222040371,0
"Worthing","South East",85,164529607.67040136,1359421752.6859982,1212.3824320416425,135707.6804497528,90935.87412587412,0
"Bromsgrove","West Midlands",53,43476929.4292961,90936333.14869939,524.0708411549119,82960.02375076732,823398.1356932153,12363333.333333334
"Malvern Hills","West Midlands",54,14495653.671890363,28895506.92878788,244.09242424242424,59385.9220206432,4409940.5,30156666.666666668
"Redditch","West Midlands",45,29015774.734513532,57604973.53368716,321.27048012187333,90315.72002353423,0,0
"Worcester","West Midlands",53,64569143.38976303,413186235.92976826,1727.015953654189,37387.69364182267,477499.3333333333,4725000
"Wychavon","West Midlands",83,29713671.975531362,171836874.9509804,406.6417112299465,73070.89055290977,0,0
"Wyre Forest","West Midlands",30,18199408.126923334,75493150.16666667,329,55317.34992985816,0,0
"St Albans","East of England",114,84574698.51231027,504773550.9707607,1351.184465420347,62593.006859355424,2885030.287407559,14965000
"Welwyn Hatfield","East of England",38,14976438.347170513,74861779.6474359,195.22115384615384,76715.24346676518,282684.6923076923,836666.6666666666
"East Hertfordshire","East of England",136,39485982.916458465,200065855.3738739,502.9954954954955,78501.66307664693,403963.8333333334,535000
"Stevenage","East of England",29,194099129.17950827,194297910.76691732,879.6779448621554,220647.94316279396,388632.1666666667,7300000
"East Suffolk","East of England",88,312928461.8444852,648845348.0611074,1741.2570055392637,179714.11506113192,28429293.90909091,71540000
"West Suffolk","East of England",152,414905595.538962,665583494.3101674,2638.498836970646,157250.62665380206,7465974.448949297,350000
"Somerset West and Taunton","South West",176,352558301.2986869,1808482009.3796527,3383.288140539394,104205.81595585853,1270239.027827397,0
"Bolton","North West",96,34648460.38825226,88274519.32424888,551.7949224923683,62792.27839167271,57.69230769230769,0
"Bury","North West",85,31228489.615864385,124307867.77126305,440.7354997943233,70855.39882863461,72461.88461538461,3571428.5714285714
"Manchester","North West",387,907366660.1136366,5078575982.375407,6752.518108665209,134374.56153568148,4444742.858104283,130690000
"Oldham","North West",67,62236694.41235385,270443443.01496756,846.3794671345687,73532.8500147306,41379.173429064394,0
"Rochdale","North West",56,26791616.26534043,170511108.12517428,334.9176961250132,79994.62726311137,97459,195000000
"Salford","North West",139,128919539.6730119,556613220.3992088,1626.4123526664198,79266.2078971885,1364400.0870445345,1110000
"Stockport","North West",127,43536056.08770934,376774203.69601274,695.2965996081758,62615.08557965542,118994.93478260869,0
"Tameside","North West",90,40465713.26826409,155361217.2157555,423.7306628580286,95498.66652398052,52482.27272727273,0
"Trafford","North West",381,114885191.58451495,696118048.802211,1754.3262959999813,65486.78649260592,368936.3100598765,600000
"Wigan","North West",151,1075945818.8757105,1723519410.2133334,8173.975976137997,131630.6558786913,439495.7857142857,1475000
"Knowsley","North West",66,395339429.7261642,1400494682.7849452,3895.282317536265,101491.85540323384,99964.83863636364,0
"Liverpool","North West",354,173823997.0499557,564936588.1182113,2203.317466131782,78891.94349969318,460391.74871085177,3985000
"St. Helens","North West",69,43854814.39932525,168308029.87879845,514.5864214612211,85223.41937199779,541082.8172782969,0
"Sefton","North West",62,62113603.19354591,168588836.0899612,685.987214779081,90546.29861221147,3059956.1734290645,1500000
"Wirral","North West",167,118222513.53844601,325876775.1335634,1210.5637534116697,97659.0561259294,282706.2095490716,5049428.571428571
"Barnsley","Yorkshire and The Humber",168,111375061.29791626,599629890.8495309,1284.9522109186796,86676.42294516806,0,0
"Doncaster","Yorkshire and The Humber",217,190086801.32970265,788105943.2506076,2446.249133098166,77705.41387538821,562106.9042553192,30000000
"Rotherham","Yorkshire and The Humber",73,61208960.06301838,304885770.7656832,759.9272016796635,80545.8206098275,794205.8583732058,82335000
"Sheffield","Yorkshire and The Humber",197,268388811.2124005,631356326.4136934,3436.495223999519,78099.57346602675,12599128.33944638,587568333.3333334
"Newcastle upon Tyne","North East",243,576644425.762524,1868985719.855193,4484.185043218139,128595.14498284107,4581884.580396644,2881666.6666666665
"North Tyneside","North East",104,360114587.43186635,1363069188.468209,3286.1203197342925,109586.54960661463,4583456.212633012,7495000
"South Tyneside","North East",41,79042582.66318634,245157541.76425743,726.1519812842984,108851.2938068265,28054173.401398603,0
"Sunderland","North East",171,377351883.8229839,2299023206.909343,4159.7530900557995,90714.97169509214,13177158.78249908,57885000
"Birmingham","West Midlands",369,183322518.88695455,1899604549.2080114,2916.2381282177257,62862.67130009478,138071630.8300698,37930000
"Coventry","West Midlands",104,184350488.24204165,1035786148.7606751,2219.1230091717707,83073.57793151161,357183.9298017772,0
"Dudley","West Midlands",182,126710631.0329464,559230379.7638673,1958.277020859616,64705.16156969702,1102918.0067623977,10230000
"Sandwell","West Midlands",122,94078633.33521357,416320593.4528389,1237.58207820838,76018.09608572315,229204.4298963448,13571428.57142857
"Solihull","West Midlands",93,135181302.8754947,859253817.0921717,979.5787878787879,137999.41826856084,937674.177922078,100000
"Walsall","West Midlands",119,70488346.66519997,309303312.17278236,1068.3630056922514,65977.89916876303,854778.9014992398,11691428.57142857
"Wolverhampton","West Midlands",60,31174476.849486932,575613568.9522336,534.375534424296,58338.1439479119,75350.3947368421,0
"Bradford","Yorkshire and The Humber",158,96090429.8953603,586647621.1800569,1624.2752255226715,59158.95802968959,489442.37022977025,8000000
"Calderdale","Yorkshire and The Humber",89,61343853.62518716,164718587.5105049,913.4454711294824,67156.55785050312,127497.56715124675,0
"Kirklees","Yorkshire and The Humber",131,58678381.3757017,112030640.95756924,710.4814504070526,82589.60363016288,5187.631922476275,0
"Leeds","Yorkshire and The Humber",664,739160598.2854464,9274586260.098068,14289.406359053108,51727.87306291058,3531897.338214604,513008333.3333333
"Wakefield","Yorkshire and The Humber",118,136199999.27622306,855838488.3990822,2727.890485781122,49928.690314421714,59367.95087493152,0
"Gateshead","North East",250,324887721.80512184,616827878.7692542,3310.4972835792573,98138.64624406469,14055355.676621623,397730000
"City of London","London",1553,2381700223.6251206,40858795503.11785,45670.94216104115,52149.13708648627,22936453.94273183,1624275833.3333333
"Barking and Dagenham","London",87,60616968.05134234,474759099.53953916,877.3604332227726,69090.15469124871,52113.69656301146,0
"Barnet","London",222,44515618.04419094,164350444.79758108,538.160917445128,82718.04324908051,1502913.1303030304,2420000
"Bexley","London",109,57322471.31190867,294979278.1582381,788.3600605562235,72711.0291095481,58716.42523434013,3571428.5714285714
"Brent","London",114,568499592.8433554,578227675.3421078,3495.1709796730847,162652.8705318242,3261.16133424098,3500000
"Bromley","London",102,93597221.00655447,551850225.3992685,1186.8701152119813,78860.5423684777,61605.97039876137,3500000
"Camden","London",817,873650711.8898118,7378454113.038696,17772.418757291063,49157.67087309937,12276007.28872352,169980000
"Croydon","London",121,128903338.72099237,1567579119.9011674,3528.331833679139,36533.791263782434,648662.0413894849,2020000
"Ealing","London",248,59062233.968199745,369788583.3447921,906.4718741358498,65156.16827549609,654649.891016777,7990000
"Enfield","London",149,62854205.400440395,352327754.38376737,844.4292986118837,74433.94669484274,1567305.0870445345,2732500
"Greenwich","London",147,158888221.25394878,847127182.7409215,1405.5306169274031,113045.00900968669,3621017.0158533067,0
"Hackney","London",353,53409696.68369271,247011514.70306778,758.7482142857143,70391.85816598278,7709947.833333333,155267500
"Hammersmith and Fulham","London",167,85505077.43160248,1849846719.6646678,973.6497651822516,87819.13218619973,2871920.796969697,52045000
"Haringey","London",69,11010983.52750444,27294167.564102564,199.88782051282053,55085.815129982926,152061.6923076923,130000
"Harrow","London",92,13018016.401909562,48200182.95705267,177.1934704184704,73467.81103821409,85302.29696969697,3466666.6666666665
"Havering","London",71,33395133.01826185,111473590.48300683,395.42196006524136,84454.42183522617,3261.16133424098,0
"Hillingdon","London",111,125539068.01397188,190309261.6567025,1148.4571961214099,109311.05524693882,675165.4035296297,590000
"Hounslow","London",83,360322110.82921124,1827788428.687407,2561.3849088838733,140674.72232676737,122275.28994853448,0
"Islington","London",703,662114547.5427517,2963945781.1667166,14216.392163837294,46574.02102531993,8975076.789554605,175651666.66666666
"Kensington and Chelsea","London",184,99483467.83531672,377669970.9640324,825.6661600810537,120488.7309727586,1666900.4042553192,242710000
"Kingston upon Thames","London",59,16680113.366626412,1145916613.0999973,285.1179144670186,58502.50903317374,896601.6066362716,6350000
"Lambeth","London",255,96890376.02023341,2016325407.859599,1149.6847449651798,84275.60376402829,4147543.484848485,30930000
"Lewisham","London",64,12142082.17738484,110156369.70809376,213.69918669222074,56818.56990346163,1502966.3333333333,780000
"Merton","London",88,59827358.90365684,182059219.1917809,920.3335869182937,65006.16706164854,18566.557443295776,4070000
"Newham","London",96,41442724.84317474,210437497.94885007,665.2324266548725,62298.11293410616,50959,0
"Redbridge","London",86,12465166.882753905,28779185.116123643,229.58984962406015,54293.19677313645,288144,2795000
"Richmond upon Thames","London",98,11200365.311091667,20934208.194444444,195.27777777777777,57356.067026927456,219890,1340000
"Southwark","London",293,557703717.3899835,4341445486.035226,9709.459557263364,57439.213181827574,7026217.400915094,285821666.6666666
"Sutton","London",65,87807438.2964892,333577231.1197536,2394.397946741963,36672.0320721825,180133.30235988201,0
"Tower Hamlets","London",382,454715980.38369346,3658508195.431723,10831.711429699082,41980.067816146206,5442976.174211901,139646666.66666666
"Waltham Forest","London",58,11644051.08691119,66186357.047619045,224.5857142857143,51846.80211715434,499635.5,310000
"Wandsworth","London",132,48927634.98826992,265939634.26634413,716.0002906271357,68334.65800050838,836470.9519531965,3475000
"Westminster","London",1923,2283822883.0856,28318553050.59126,22984.419877528268,99363.9558994691,61218283.26576217,3814248333.3333335
"Antrim and Newtownabbey","Northern Ireland",59,97555902.59148327,746902818.3002506,792.9779448621554,123024.73634174222,103794,2000000
"Armagh City, Banbridge and Craigavon","Northern Ireland",69,51980519.378788024,200919621.4293715,545.0777006619112,95363.50380077162,5769.2307692307695,2000000
"Belfast","Northern Ireland",294,665720927.3752168,2645545168.3447194,6632.805515858689,100367.9251236167,8608180.230267977,732670000
"Causeway Coast and Glens","Northern Ireland",54,33005107.440243468,128946135.35531135,395.5330891330891,83444.61777542434,453884.23076923075,2755000
"Derry City and Strabane","Northern Ireland",48,224094138.74017572,368129876.49127626,1017.718970503181,220192.55338178377,5769.2307692307695,2000000
"Fermanagh and Omagh","Northern Ireland",30,20138755.16243404,72744239.574609593,275.94397050318105,72981.31981543654,5769.2307692307695,0
"Lisburn and Castlereagh","Northern Ireland",104,57493481.27443557,186597618.092082,572.445972969314,100434.77286810701,1523.2727272727273,0
"Mid and East Antrim","Northern Ireland",146,98924446.53203654,577920245.8947395,1058.1310917153023,93489.7833610326,2980358.064102564,910000
"Mid Ulster","Northern Ireland",105,73984694.93719824,342049703.3534919,700.6757204148508,105590.49326469302,15743.281274281275,0
"Newry, Mourne and Down","Northern Ireland",97,57106735.316845015,174308513.50874865,946.0015285248695,60366.43028039645,91518.27272727272,0
"Ards and North Down","Northern Ireland",35,13454587.54346601,72067384.66551869,165.33412201833255,81378.16549432029,354572.89743589744,27645000
"Clackmannanshire","Scotland",30,8386301.32088743,35797522.81377224,127.33339446176416,65860.9735202314,0,0
"Dumfries and Galloway","Scotland",80,43630014.19530417,159578710.08343074,745.5562410767934,58520.08445706273,10150789.33076923,646666.6666666666
"East Ayrshire","Scotland",102,40333212.492274664,141190045.11325994,502.278345567476,80300.52031549568,52482.27272727273,0
"East Lothian","Scotland",38,17906540.642336667,94661751.26964433,341.73118279569894,52399.49277043862,2820446,28440000
"East Renfrewshire","Scotland",20,7213678.498183333,26992266.333333332,172,41939.99126850775,125200.5,0
"Na h-Eileanan Siar","Scotland",23,4763304.40921,2958938,48,99235.50852520834,5000,0
"Falkirk","Scotland",79,26962035.24410718,393086736.18294334,550.6708645252404,48962.16048646851,139090,3571428.5714285714
"Highland","Scotland",220,84761548.41581987,715559569.2136847,1516.8239860403696,55880.93885374778,5473076.413978495,5322000
"Inverclyde","Scotland",57,13207187.129575526,53246276.21052632,84.55263157894737,156200.78148891067,9609.394736842105,0
"Midlothian","Scotland",55,16304198.391583575,42761467.03888889,316.78360215053766,51467.93672683762,9623520.933333334,11360000
"Moray","Scotland",43,27221416.29480173,465789996.2798957,575.6486803519061,47288.24580673182,94637.54428152493,0
"North Ayrshire","Scotland",82,176998215.47866917,841945927.8545554,1377.6379205802768,128479.4885757177,105009.18670576735,0
"Orkney Islands","Scotland",31,11998230.336323334,10231476.333333334,173.33333333333334,69220.55963263461,18670913.5,15560000
"Scottish Borders","Scotland",42,6337065.219262805,12050401.57317073,118.38414634146342,53529.67787582282,0,0
"Shetland Islands","Scotland",13,14917132.81756441,414350685.90259326,435.14342188488297,34280.95673134347,88902.58064516129,0
"South Ayrshire","Scotland",53,12951246.443289138,47396223.156504065,211.25081300813008,61307.43952588104,249321,0
"South Lanarkshire","Scotland",315,119209416.98354508,734782917.0159535,1619.7561582013673,73597.13768022916,944110.1674641148,33396666.666666668
"Stirling","Scotland",64,19102095.51021941,627656480.4025933,551.9767552182163,34606.70278165548,182939.58064516127,0
"Aberdeen City","Scotland",353,1247189328.2402077,6740688496.098516,35542.875933574214,35089.71335271432,37181118.09339014,312107500
"Aberdeenshire","Scotland",113,79354050.93975732,789501856.4655569,1763.133069354716,45007.40886721606,29848818.989736073,1665000
"Argyll and Bute","Scotland",43,18245520.448464885,422823193.14208907,508.5937019969278,35874.45219401301,42022.58064516129,0
"City of Edinburgh","Scotland",913,324117713.85811454,6459404891.545749,4435.649979807923,73071.07534038334,22570673.250104386,139093333.33333334
"Renfrewshire","Scotland",84,45946203.65479529,303481798.9868076,625.7020820185782,73431.43802010086,25060.707509881424,0
"West Dunbartonshire","Scotland",38,37765373.05491961,84502371.33358397,287.8279448621554,131208.1530964825,47807.333333333336,0
"West Lothian","Scotland",84,27572139.327557676,55439904.30675469,419.97426478272786,65651.97356038475,89499,19166666.666666668
"Angus","Scotland",44,27904132.64641024,491135462.6114661,781.522670250896,35704.82816250493,42022.58064516129,0
"Dundee City","Scotland",61,35339933.88162902,527287484.8789926,751.0869264797034,47051.72282423426,1701088.9753820035,892500
"East Dunbartonshire","Scotland",18,5419871.803685512,11444407.397435896,87.80448717948718,61726.592544255516,1930881.6923076923,1870000
"Fife","Scotland",151,101556078.76601774,307297076.9890325,1104.681967625861,91932.41289552147,28240386.098484848,126666.66666666667
"Perth and Kinross","Scotland",215,806245587.6535085,6670997484.891225,5099.435620677082,158104.86642568078,4692909.10696095,705770000
"Glasgow City","Scotland",656,433230031.49485314,17296970734.265167,5700.409367996501,75999.81045696701,40892694.33310035,143895000
"North Lanarkshire","Scotland",388,150608505.24383637,1220158235.1901839,1970.683111486382,76424.51714636167,4550315.206234168,6535000
"Isle of Anglesey","Wales",78,82183951.3164022,170471938.1457943,647.1948046048697,126984.87492738415,29278723.618639983,36210000
"Gwynedd","Wales",35,51926385.16232035,734103682.4171993,494.2709556106256,105056.51722580007,121830.4705882353,50000
"Conwy","Wales",190,12279636.220348733,42486276.24734849,144.79361403407893,84807.85773783208,126259.8114973262,0
"Denbighshire","Wales",217,14068069.175220102,56631600.54179293,168.2350118835413,83621.53048711737,36473.561497326205,0
"Flintshire","Wales",83,65189636.785636716,174540792.9333516,940.306437447726,69328.07666677362,913327.9629965661,4110000.0000000005
"Wrexham","Wales",104,154949182.68019933,303245522.1295181,1437.2129672773895,107812.26318443962,90492.69230769231,70000
"Ceredigion","Wales",31,11724010.005150512,32488267.515082955,211.46134992458522,55442.80318522377,212396.6923076923,1809166.6666666667
"Pembrokeshire","Wales",77,21810062.08516487,64932013.52457347,279.8514514896868,77934.42545703083,28020678.575757578,31320000
"Carmarthenshire","Wales",89,117343552.33985049,1076274519.1401901,3019.538621345138,38861.417936617254,76996.67735988201,0
"Swansea","Wales",78,33897906.359075986,109880199.10010457,620.3297014105232,54644.98359823489,515563.0256410256,7300000
"Neath Port Talbot","Wales",43,29346613.756962143,72450770.60238095,290.89761904761906,100882.96306116617,2122160,840000
"Bridgend","Wales",81,71352452.00497542,279962164.16746783,1141.4344191440016,62511.2146683687,486223,0
"Vale of Glamorgan","Wales",40,25417254.12840756,430717589.1519608,502.76045751633984,50555.396209896826,31053,0
"Cardiff","Wales",401,420346331.8092031,1940144178.8533003,6215.061750004411,67633.49242811702,3794105.466244907,53703333.33333333
"Rhondda Cynon Taf","Wales",58,129049003.4937283,553455743.8763864,1312.8379658602719,98297.73882960912,511199.4690265487,2360000
"Caerphilly","Wales",58,31464354.421689145,87258268.48217563,466.2425035639476,67484.9551063584,31820.16133424098,0
"Blaenau Gwent","Wales",14,9452117.494966667,34950131.166666664,125,75616.93995973334,294500.6666666667,0
"Torfaen","Wales",23,22223067.351265557,77736950.9738828,422.54366871469944,52593.54002123393,623.7300435413644,0
"Monmouthshire","Wales",27,4841744.726227708,4874644.666666667,54.291666666666664,89180.25589367998,267430.6666666667,270000
"Newport","Wales",62,84635329.00639169,550695495.6103001,1381.1875948172137,61277.21485769087,441539.0806451613,0
"Powys","Wales",80,41902273.052349366,175782460.30018675,682.672735760971,61379.73710879367,347625.5,152500
"Merthyr Tydfil","Wales",9,8690356.06354706,31203214.73529412,187.83823529411762,46265.10704777265,21271,0
